Category,Name,Variant Name,Price,URL,SKU
,The Subtle - Lilac,XS,87.00,https://fab.com/products/the-subtle-lilac,3197605
,The Subtle - Lilac,S,87.00,https://fab.com/products/the-subtle-lilac,5947217
,The Subtle - Lilac,M,87.00,https://fab.com/products/the-subtle-lilac,2394189
,The Subtle - Lilac,L,87.00,https://fab.com/products/the-subtle-lilac,3926605
,The Subtle - Lilac,XL,87.00,https://fab.com/products/the-subtle-lilac,1079573
,The Subtle - Navy,XS,87.00,https://fab.com/products/the-subtle-navy,7155576
,The Subtle - Navy,S,87.00,https://fab.com/products/the-subtle-navy,7180438
,The Subtle - Navy,M,87.00,https://fab.com/products/the-subtle-navy,9253699
,The Subtle - Navy,L,87.00,https://fab.com/products/the-subtle-navy,2778974
,The Subtle - Navy,XL,87.00,https://fab.com/products/the-subtle-navy,5536601
,The Subtle - Black,XS,87.00,https://fab.com/products/the-subtle-black,5018958
,The Subtle - Black,S,87.00,https://fab.com/products/the-subtle-black,3006706
,The Subtle - Black,M,87.00,https://fab.com/products/the-subtle-black,2803531
,The Subtle - Black,L,87.00,https://fab.com/products/the-subtle-black,4943215
,The Subtle - Black,XL,87.00,https://fab.com/products/the-subtle-black,7935857
,The Wave - Lilac,XS,87.00,https://fab.com/products/the-wave-lilac,9462185
,The Wave - Lilac,S,87.00,https://fab.com/products/the-wave-lilac,9082407
,The Wave - Lilac,M,87.00,https://fab.com/products/the-wave-lilac,1159112
,The Wave - Lilac,L,87.00,https://fab.com/products/the-wave-lilac,7479821
,The Wave - Lilac,XL,87.00,https://fab.com/products/the-wave-lilac,6097326
,The Wave - Navy,XS,87.00,https://fab.com/products/the-wave-navy,6935567
,The Wave - Navy,S,87.00,https://fab.com/products/the-wave-navy,5029543
,The Wave - Navy,M,87.00,https://fab.com/products/the-wave-navy,3098850
,The Wave - Navy,L,87.00,https://fab.com/products/the-wave-navy,8353198
,The Wave - Navy,XL,87.00,https://fab.com/products/the-wave-navy,7546435
legging,The Wave - Grey,XS,87.00,https://fab.com/products/the-wave-black,9635194
legging,The Wave - Grey,S,87.00,https://fab.com/products/the-wave-black,9887465
legging,The Wave - Grey,M,87.00,https://fab.com/products/the-wave-black,2956672
legging,The Wave - Grey,L,87.00,https://fab.com/products/the-wave-black,9719763
legging,The Wave - Grey,XL,87.00,https://fab.com/products/the-wave-black,2134807
legging,Your A Star - Black,XS,87.00,https://fab.com/products/your-a-star-black,2119200
legging,Your A Star - Black,S,87.00,https://fab.com/products/your-a-star-black,9251267
legging,Your A Star - Black,M,87.00,https://fab.com/products/your-a-star-black,6092188
legging,Your A Star - Black,L,87.00,https://fab.com/products/your-a-star-black,4534628
legging,Your A Star - Black,XL,87.00,https://fab.com/products/your-a-star-black,9204828
legging,Your A Star - Lilac,XS,87.00,https://fab.com/products/your-a-star-lilac,7647067
legging,Your A Star - Lilac,S,87.00,https://fab.com/products/your-a-star-lilac,8268003
legging,Your A Star - Lilac,M,87.00,https://fab.com/products/your-a-star-lilac,3614009
legging,Your A Star - Lilac,L,87.00,https://fab.com/products/your-a-star-lilac,7439745
legging,Your A Star - Lilac,XL,87.00,https://fab.com/products/your-a-star-lilac,2006512
legging,Your A Star - Navy,XS,87.00,https://fab.com/products/your-a-star-navy,3419015
legging,Your A Star - Navy,S,87.00,https://fab.com/products/your-a-star-navy,5417154
legging,Your A Star - Navy,M,87.00,https://fab.com/products/your-a-star-navy,9951087
legging,Your A Star - Navy,L,87.00,https://fab.com/products/your-a-star-navy,7909158
legging,Your A Star - Navy,XL,87.00,https://fab.com/products/your-a-star-navy,4878571
lunch,The Porter Bowl - Plastic,Black,25.00,https://fab.com/products/the-porter-bowl-plastic,WP-PBP-BK
game,Do Something Dice,,18.95,https://fab.com/products/do-something-dice-531174,18849-0056
lunch,The Porter Bowl - Ceramic,Cream,40.00,https://fab.com/products/the-porter-bowl-ceramic,WP-PBC-CM
Courses,21-Day Life Lift Challenge,,48.50,https://fab.com/products/21-day-launder-your-lifestyle,21-day-lifestyle
phone case,Endura Ultra Durable Case for iPhone 8/7,,54.95,https://fab.com/products/endura-ultra-durable-case-for-iphone-8-7,99MO086004
Courses,Intro to Yoga,,39.00,https://fab.com/products/21-day-intro-to-yoga,lp-21-day-intro
sanctuary,Yoga Sun Salutation,,84.00,https://fab.com/products/yoga-sun-salutation,Yoga Sun Salutation
sanctuary,Pink Moon Night Light,,142.00,https://fab.com/products/pink-moon-night-light,Pink Moon Night Light
Yoga,The Combo Yoga MAT | 2-in-1 Mat+Towel - Studio 3.5mm,Tribal Coral,78.00,https://fab.com/products/combo-mat-studio-3-5mm,Combo Studio - Tribal Coral
Yoga,The Combo Yoga MAT | 2-in-1 Mat+Towel - Studio 3.5mm,Geo Night,78.00,https://fab.com/products/combo-mat-studio-3-5mm,Combo Studio - Geo Night
Yoga,The Combo Yoga MAT | 2-in-1 Mat+Towel - Studio 3.5mm,Harajuku,78.00,https://fab.com/products/combo-mat-studio-3-5mm,Combo Studio - Harajuku
Yoga,The Combo Yoga MAT | 2-in-1 Mat+Towel - Studio 3.5mm,Optical Gold,78.00,https://fab.com/products/combo-mat-studio-3-5mm,Combo Studio - Optical Gold
Yoga,The Combo Yoga MAT | 2-in-1 Mat+Towel - Studio 3.5mm,Geo,78.00,https://fab.com/products/combo-mat-studio-3-5mm,Combo Studio - Geo
Yoga,The Combo Yoga MAT | 2-in-1 Mat+Towel - Studio 3.5mm,Mandala Ginger,78.00,https://fab.com/products/combo-mat-studio-3-5mm,Combo Studio - Mandala Ginger
Yoga,The Combo Yoga MAT | 2-in-1 Mat+Towel - Studio 3.5mm,Kaivalya,78.00,https://fab.com/products/combo-mat-studio-3-5mm,Combo Studio - Kaivalaya
phone case,"Overture for Galaxy S8, Galaxy S8+, iPhone 6, iPhone 6 Plus, iPhone 8/7, iPhone 8 Plus/7 Plus, iPhone XR, iPhone XS Max,  iPhone XS/X in various colors",Galaxy-S8 Black,45.00,https://fab.com/products/overture-for-galaxy-s8-black,99MO091007
phone case,"Overture for Galaxy S8, Galaxy S8+, iPhone 6, iPhone 6 Plus, iPhone 8/7, iPhone 8 Plus/7 Plus, iPhone XR, iPhone XS Max,  iPhone XS/X in various colors",black Galaxy S8+,50.00,https://fab.com/products/overture-for-galaxy-s8-black,99MO091008
phone case,"Overture for Galaxy S8, Galaxy S8+, iPhone 6, iPhone 6 Plus, iPhone 8/7, iPhone 8 Plus/7 Plus, iPhone XR, iPhone XS Max,  iPhone XS/X in various colors",Beige iPhone 6,44.95,https://fab.com/products/overture-for-galaxy-s8-black,99MO052101
phone case,"Overture for Galaxy S8, Galaxy S8+, iPhone 6, iPhone 6 Plus, iPhone 8/7, iPhone 8 Plus/7 Plus, iPhone XR, iPhone XS Max,  iPhone XS/X in various colors",Black iPhone 6,45.00,https://fab.com/products/overture-for-galaxy-s8-black,99MO052003
phone case,"Overture for Galaxy S8, Galaxy S8+, iPhone 6, iPhone 6 Plus, iPhone 8/7, iPhone 8 Plus/7 Plus, iPhone XR, iPhone XS Max,  iPhone XS/X in various colors",Titanium iPhone 6,50.00,https://fab.com/products/overture-for-galaxy-s8-black,99MO052241
phone case,"Overture for Galaxy S8, Galaxy S8+, iPhone 6, iPhone 6 Plus, iPhone 8/7, iPhone 8 Plus/7 Plus, iPhone XR, iPhone XS Max,  iPhone XS/X in various colors",Beige iPhone 6 Plus,50.00,https://fab.com/products/overture-for-galaxy-s8-black,99MO052102
phone case,"Overture for Galaxy S8, Galaxy S8+, iPhone 6, iPhone 6 Plus, iPhone 8/7, iPhone 8 Plus/7 Plus, iPhone XR, iPhone XS Max,  iPhone XS/X in various colors",Titanium iPhone 6 Plus,50.00,https://fab.com/products/overture-for-galaxy-s8-black,99MO052242
phone case,"Overture for Galaxy S8, Galaxy S8+, iPhone 6, iPhone 6 Plus, iPhone 8/7, iPhone 8 Plus/7 Plus, iPhone XR, iPhone XS Max,  iPhone XS/X in various colors",Charcoal Black iPhone 8Plus/7Plus,50.00,https://fab.com/products/overture-for-galaxy-s8-black,99MO091002
phone case,"Overture for Galaxy S8, Galaxy S8+, iPhone 6, iPhone 6 Plus, iPhone 8/7, iPhone 8 Plus/7 Plus, iPhone XR, iPhone XS Max,  iPhone XS/X in various colors",Daisy Pink iPhone 8 Plus/7 Plus,45.00,https://fab.com/products/overture-for-galaxy-s8-black,99MO091302
phone case,"Overture for Galaxy S8, Galaxy S8+, iPhone 6, iPhone 6 Plus, iPhone 8/7, iPhone 8 Plus/7 Plus, iPhone XR, iPhone XS Max,  iPhone XS/X in various colors",Sahara White iPhone 8 Plus/7Plus,45.00,https://fab.com/products/overture-for-galaxy-s8-black,99MO091102
phone case,"Overture for Galaxy S8, Galaxy S8+, iPhone 6, iPhone 6 Plus, iPhone 8/7, iPhone 8 Plus/7 Plus, iPhone XR, iPhone XS Max,  iPhone XS/X in various colors",Charcoal Black iPhone XR,45.00,https://fab.com/products/overture-for-galaxy-s8-black,99MO091010
phone case,"Overture for Galaxy S8, Galaxy S8+, iPhone 6, iPhone 6 Plus, iPhone 8/7, iPhone 8 Plus/7 Plus, iPhone XR, iPhone XS Max,  iPhone XS/X in various colors",Herringbone Gray iPhone XR,45.00,https://fab.com/products/overture-for-galaxy-s8-black,99MO091051
phone case,"Overture for Galaxy S8, Galaxy S8+, iPhone 6, iPhone 6 Plus, iPhone 8/7, iPhone 8 Plus/7 Plus, iPhone XR, iPhone XS Max,  iPhone XS/X in various colors",Savanna Beige iPhone XR,50.00,https://fab.com/products/overture-for-galaxy-s8-black,99MO091261
phone case,"Overture for Galaxy S8, Galaxy S8+, iPhone 6, iPhone 6 Plus, iPhone 8/7, iPhone 8 Plus/7 Plus, iPhone XR, iPhone XS Max,  iPhone XS/X in various colors",Charcoal Black iPhone XS Max,50.00,https://fab.com/products/overture-for-galaxy-s8-black,99MO091011
phone case,"Overture for Galaxy S8, Galaxy S8+, iPhone 6, iPhone 6 Plus, iPhone 8/7, iPhone 8 Plus/7 Plus, iPhone XR, iPhone XS Max,  iPhone XS/X in various colors",Savanna Beige iPhone XS Max,45.00,https://fab.com/products/overture-for-galaxy-s8-black,99MO091262
phone case,"Overture for Galaxy S8, Galaxy S8+, iPhone 6, iPhone 6 Plus, iPhone 8/7, iPhone 8 Plus/7 Plus, iPhone XR, iPhone XS Max,  iPhone XS/X in various colors",black iPhone XS/X,45.00,https://fab.com/products/overture-for-galaxy-s8-black,99MO101002
phone case,"Overture for Galaxy S8, Galaxy S8+, iPhone 6, iPhone 6 Plus, iPhone 8/7, iPhone 8 Plus/7 Plus, iPhone XR, iPhone XS Max,  iPhone XS/X in various colors",Brown iPhone XS/X,45.00,https://fab.com/products/overture-for-galaxy-s8-black,99MO101751
phone case,"Overture for Galaxy S8, Galaxy S8+, iPhone 6, iPhone 6 Plus, iPhone 8/7, iPhone 8 Plus/7 Plus, iPhone XR, iPhone XS Max,  iPhone XS/X in various colors",Pink Phone-XS/X,45.00,https://fab.com/products/overture-for-galaxy-s8-black,99MO101303
gloves,"Digits Touchscreen Gloves (S/M), (L/XL) in dark and light gray",(L/XL) Dark Gray,29.95,https://fab.com/products/digits-l-xl-dark-grey,99MO065031
gloves,"Digits Touchscreen Gloves (S/M), (L/XL) in dark and light gray",S/M Light Gray,29.95,https://fab.com/products/digits-l-xl-dark-grey,99MO065011
phone case,Wall Mount for iPad - White,,29.95,https://fab.com/products/wall-mount-for-ipad-white,99MO083101
phone case,Magnet Mount for iPad - White,,39.95,https://fab.com/products/magnet-mount-for-ipad-white,99MO083102
phone case,Clip Mount compatible with Endura Case for iPhone 7/8,,49.95,https://fab.com/products/clip-mount-black,99MO086004
phone case,Biking Kit for iPhone 7 - Black,,69.95,https://fab.com/products/biking-kit-black,99MO086010
phone case,Running Kit for iPhone 7 - Black,,69.95,https://fab.com/products/running-kit-black,99MO086009
phone case,"Capto for iPhone XR, XS Max, XS/X, in Pink and Black",Pink iPhone XR,30.00,https://fab.com/products/capto-for-iphone-xr-pink,99MO114301
phone case,"Capto for iPhone XR, XS Max, XS/X, in Pink and Black",Pink iPhone XS Max,30.00,https://fab.com/products/capto-for-iphone-xr-pink,99MO114302
phone case,"Capto for iPhone XR, XS Max, XS/X, in Pink and Black",Pink iPhone XS/X,30.00,https://fab.com/products/capto-for-iphone-xr-pink,99MO114303
phone case,"Capto for iPhone XR, XS Max, XS/X, in Pink and Black",black iPhone XR,30.00,https://fab.com/products/capto-for-iphone-xr-pink,99MO114304
phone case,"Capto for iPhone XR, XS Max, XS/X, in Pink and Black",black iPhone XS Max,35.00,https://fab.com/products/capto-for-iphone-xr-pink,99MO114002
phone case,"Capto for iPhone XR, XS Max, XS/X, in Pink and Black",black iPhone XS/X,35.00,https://fab.com/products/capto-for-iphone-xr-pink,99MO114003
Headphones,Kokoon Smart Headphones for Sleep in black and grey,Black,399.00,https://fab.com/products/kokoon-smart-headphones-for-sleep-in-black-and-grey,K1V0W-B
Headphones,Kokoon Smart Headphones for Sleep in black and grey,Grey,399.00,https://fab.com/products/kokoon-smart-headphones-for-sleep-in-black-and-grey,K1V0W-G
Roller,Namastick Original,,29.95,https://fab.com/products/namastick-original,0857322007008
basket,Maiz Storage Baskets in Various Sizes,large,50.00,https://fab.com/products/maiz-basket-large,5513003
basket,Maiz Storage Baskets in Various Sizes,medium,38.50,https://fab.com/products/maiz-basket-large,5513002
basket,Maiz Storage Baskets in Various Sizes,small,31.25,https://fab.com/products/maiz-basket-large,5513001
basket,Maiz Storage Baskets in Various Sizes,extra Large,100.00,https://fab.com/products/maiz-basket-large,5513008
basket,Maiz Catch-All Baskets (set of 2),,43.75,https://fab.com/products/maiz-baskets-set-of-2,5513004
storage,Takara Ladder,,150.00,https://fab.com/products/takara-ladder,7003839
basket,Maiz Wastecan,,31.25,https://fab.com/products/maiz-wastecan,5513006
basket,"Melia Organizer Baskets Set of 4 in Black, Clay, Sand, and Slate",Black,31.25,https://fab.com/products/melia-baskets-black,5503024
basket,"Melia Organizer Baskets Set of 4 in Black, Clay, Sand, and Slate",Clay,31.25,https://fab.com/products/melia-baskets-black,5503022
basket,"Melia Organizer Baskets Set of 4 in Black, Clay, Sand, and Slate",Sand,31.25,https://fab.com/products/melia-baskets-black,5503021
basket,"Melia Organizer Baskets Set of 4 in Black, Clay, Sand, and Slate",Slate,31.25,https://fab.com/products/melia-baskets-black,5503023
basket,Water Hyacinth Baskets,,100.00,https://fab.com/products/water-hyacinth,5513609
chair,Reid Nest Baskets set of 3,,112.50,https://fab.com/products/reid-baskets,5513304
basket,Stonington Nest Baskets set of 2,,125.00,https://fab.com/products/stonington,5513303
basket,Camden Next Baskets set of 3,,125.00,https://fab.com/products/camden-baskets,5513301
basket,Scarborough Nest Baskets set of 3,,125.00,https://fab.com/products/scarborough-baskets,5513302
shelf,Sonoma Plant Riser,,225.00,https://fab.com/products/sonoma-plant-riser,5595201
chair,Ormond Lounge Chair,,325.00,https://fab.com/products/ormond-lounge-chair,5513802
chair,Ormond Settee,,687.50,https://fab.com/products/ormond-settee,5513805
chair,Amadora Chair in Black and Natural,Black,712.50,https://fab.com/products/amadora-chair-black,5513822
chair,Amadora Chair in Black and Natural,Natural,712.50,https://fab.com/products/amadora-chair-black,5513821
chair,Copenhagen Chair,,500.00,https://fab.com/products/copenhagen-chair,5513811
table,Venezia Side Table in blue and white,blue,162.50,https://fab.com/products/venezia-side-table-blue,8713049
table,Venezia Side Table in blue and white,white,162.50,https://fab.com/products/venezia-side-table-blue,8713041
chair,Lotus Chair,,600.00,https://fab.com/products/lotus-chair,5513911
candle,Zen Candle,,37.50,https://fab.com/products/zen-candle,8847104
candle,Meditate Candle,,37.50,https://fab.com/products/meditate-candle,8847106
Amazon,Calm - Sleep Mist Spray,,19.99,https://fab.com/products/calm-sleep-mist-spray,
Amazon,The 5 Am Club,,10.75,https://fab.com/products/the-5-am-club,
Amazon,How to Break Up with Your Phone: The 30-Day Plan to Take Back Your Life,,11.04,https://fab.com/products/how-to-break-up-with-your-phone-the-30-day-plan-to-take-back-your-life,
Isometrics,Activ5 Isometric trainer Basic Package,Fitness Package,139.99,https://fab.com/products/activ5-isometrics,ACTIV5-RB
Digital Wellness,Phone Free Bedroom Pack,Premium Black,49.00,https://fab.com/products/bagby-pack-black,Bagby-Alarm-Black
Digital Wellness,Phone Free Bedroom Pack,Orange Fire,49.00,https://fab.com/products/bagby-pack-black,Bagby-Alarm-Orange
Digital Wellness,Phone Free Bedroom Pack,Chevron Grey,49.00,https://fab.com/products/bagby-pack-black,Bagby-Alarm-Grey
Water Filter,TestDrop Pro,,49.95,https://fab.com/products/testdrop-pro,8509640051110
home gym,BodyBoss Portable Home Gym (two color options),Green,179.00,https://fab.com/products/bodyboss-portable-home-gym-green,pkg2-green
home gym,BodyBoss Portable Home Gym (two color options),Pink,179.00,https://fab.com/products/bodyboss-portable-home-gym-green,pkg2-pink
fitness trackers,Leaf Chakra | Power,,99.00,https://fab.com/products/leaf-chakra-power,HT-30LF-PR-01
Fitness trackers,Leaf Chakra | Love,,99.00,https://fab.com/products/leaf-chakra-love,HT-30LF-LS-01
Water Bottle,Leaf Spring,,79.00,https://fab.com/products/leaf-spring,SB-10SP-VI-01
fitness trackers,Leaf Urban | Rose Gold,,99.00,https://fab.com/products/leaf-urban-rose-gold,HT-20LF-RG-02
fitness trackers,Leaf Urban | Silver,,99.00,https://fab.com/products/leaf-urban-silver,HT-20LF-SL-02
Protein Drink,Drink Après 24 Variety Pack Protein-Based Replenishment Drink,,116.00,https://fab.com/products/drink-apres,PK24PVP00001
Courses,21-Day Intro to Yoga Course,,97.00,https://fab.com/products/21-day-introduction-to-yoga-course,fab-digital-yogaintro
nourish,"Metal Straws (5"") - Set of 4",Gold,15.00,https://fab.com/products/metal-straws-5-set-of-4,MAS-PINESTR-5G
nourish,"Metal Straws (5"") - Set of 4",Silver,15.00,https://fab.com/products/metal-straws-5-set-of-4,MAS-PINESTR-5S
Nutrition Accessories,Matcha Whisk,,25.00,https://fab.com/products/matcha-whisk,DV-MAT-WHISK
Nutrition Accessories,Matcha Shaker,,25.00,https://fab.com/products/matcha-shaker,DV-MAT-SHAKER
Books,Matcha: A Lifestyle Guide,,25.00,https://fab.com/products/matcha-a-lifestyle-guide,9780989888264
Books,Lunch Cookbook,,25.00,https://fab.com/products/lunch-cookbook,9780999661253
Books,Ditch the Dirt,,20.00,https://fab.com/products/ditch-the-dirt,9780998739960
Books,OJAS,,35.00,https://fab.com/products/ojas,9780998739977
Yoga,The Yoga Man(ual),,29.00,https://fab.com/products/the-yoga-manual,9780989888257
Books,Away & Aware,,25.00,https://fab.com/products/away-aware,9780998739946
Yoga,Wellness Band,Red,12.00,https://fab.com/products/wellness-band,DV-WELL-BAND-1
Yoga,Wellness Band,Blue-Grey,12.00,https://fab.com/products/wellness-band,DV-WELL-BAND-2
Water Bottle,Zoto Bottle – 15 oz,,24.00,https://fab.com/products/zoto-bottle-15-oz,Zoto-15oz
Yoga,Yoga Strap - 8ft,Aamani,18.00,https://fab.com/products/strap-mandala-turquoise,Strap-Aamani
Yoga,Yoga Strap - 8ft,Aadrika,18.00,https://fab.com/products/strap-mandala-turquoise,Strap-Aadrika
Yoga,Yoga Strap - 8ft,Tribeca Blue,18.00,https://fab.com/products/strap-mandala-turquoise,Strap-Tribeca Blue
Yoga,Yoga Strap - 8ft,Mandala Charcoal,18.00,https://fab.com/products/strap-mandala-turquoise,Strap-Mandala Charcoal
Yoga,Yoga Strap - 8ft,Mandala Black,18.00,https://fab.com/products/strap-mandala-turquoise,Strap-Mandala Black
Yoga,Yoga Block,,14.00,https://fab.com/products/block-ocean,Block-Move
Yoga,Duality Yoga Ball,Black,24.00,https://fab.com/products/duality-yoga-ball-night,Ball-Night-Black
Yoga,Duality Yoga Ball,Purple,24.00,https://fab.com/products/duality-yoga-ball-night,Ball-Move-Purple
Yoga,Duality Yoga Ball,Blue,24.00,https://fab.com/products/duality-yoga-ball-night,Ball-Ocean-Blue
Yoga,The Yoga Bag – Tribeca Sand,,64.00,https://fab.com/products/the-yoga-bag-tribeca-sand,Bag-Tribeca-Sand
Yoga,"Yoga Hand Towel 15"" x 24""",Mandala Black,18.00,https://fab.com/products/hand-towel-mandala-black,Hand-Towel-Mandala-Black
Yoga,"Yoga Hand Towel 15"" x 24""",Mandala Ginger,18.00,https://fab.com/products/hand-towel-mandala-black,Hand-Towel-Mandala-ginger
Yoga,"Yoga Hand Towel 15"" x 24""",Mandala Turquoise,18.00,https://fab.com/products/hand-towel-mandala-black,Hand-Towel-Mandala-turquoise
Yoga,"Yoga Hand Towel 15"" x 24""",Geo Night,18.00,https://fab.com/products/hand-towel-mandala-black,Hand-Towel-Geo Night
Yoga,"Yoga Mat Towel 72"" x 24""",Geo Blue,44.00,https://fab.com/products/hot-yoga-towel-aamani,Towel-Geo-Blue
Yoga,"Yoga Mat Towel 72"" x 24""",Optical Gold,44.00,https://fab.com/products/hot-yoga-towel-aamani,Towel-Optical-Gold
Yoga,"Yoga Mat Towel 72"" x 24""",Harajuku,44.00,https://fab.com/products/hot-yoga-towel-aamani,Towel-Harajuku
Yoga,"Yoga Mat Towel 72"" x 24""",Geo Night,44.00,https://fab.com/products/hot-yoga-towel-aamani,Towel-Geo-Night
Yoga,"Yoga Mat Towel 72"" x 24""",Tribal Coral,44.00,https://fab.com/products/hot-yoga-towel-aamani,Towel-Tribal-Coral
Yoga,"Yoga Mat Towel 72"" x 24""",Aegean Green,44.00,https://fab.com/products/hot-yoga-towel-aamani,Towel-Aegean-Green
Yoga,"Yoga Mat Towel 72"" x 24""",Mandala Ginger,44.00,https://fab.com/products/hot-yoga-towel-aamani,Towel-Mandala-Ginger
Yoga,The Combo Yoga MAT | 2-in-1 Mat+Towel - Travel 1mm,Dreamscape,56.00,https://fab.com/products/travel-mat-optical,Travel-Dreamscape
Yoga,The Combo Yoga MAT | 2-in-1 Mat+Towel - Travel 1mm,Aegean Green,56.00,https://fab.com/products/travel-mat-optical,Travel-Aegean Green
Yoga,The Combo Yoga MAT | 2-in-1 Mat+Towel - Commuter 1.5mm,Fantessa,62.00,https://fab.com/products/commuter-mat-geo-blue,LITE-Fantessa
Yoga,The Combo Yoga MAT | 2-in-1 Mat+Towel - Commuter 1.5mm,Breathe,62.00,https://fab.com/products/commuter-mat-geo-blue,LITE-Breathe
Yoga,The Combo Yoga MAT | 2-in-1 Mat+Towel - Commuter 1.5mm,Tribeca Sand,62.00,https://fab.com/products/commuter-mat-geo-blue,LITE-Tribeca-Sand
Yoga,The Combo Yoga MAT | 2-in-1 Mat+Towel - Commuter 1.5mm,Ikat,62.00,https://fab.com/products/commuter-mat-geo-blue,LITE-Ikat
Yoga,The Combo Yoga MAT | 2-in-1 Mat+Towel - Commuter 1.5mm,Mandala Black,62.00,https://fab.com/products/commuter-mat-geo-blue,LITE-Mandala Black
Yoga,The Combo Yoga MAT | 2-in-1 Mat+Towel - Commuter 1.5mm,Geo Blue,62.00,https://fab.com/products/commuter-mat-geo-blue,LITE-Geo-Blue
Yoga,The Infinity Mat - Non Slip,Mandala Charcoal,98.00,https://fab.com/products/infinity-mat-charcoal,Infinity Mat – Charcoal
Yoga,The Infinity Mat - Non Slip,Mandala Aqua,98.00,https://fab.com/products/infinity-mat-charcoal,Infinity Mat – Aqua
Yoga,The Infinity Mat - Non Slip,Mandala Lavender,98.00,https://fab.com/products/infinity-mat-charcoal,Infinity Mat – Lavender
Yoga,The Infinity Mat - Non Slip,Mandala Rose,98.00,https://fab.com/products/infinity-mat-charcoal,Infinity Mat – Rose
Yoga,The Yoga Wheel,Mandala,54.00,https://fab.com/products/the-yoga-wheel,Wheel-Mandala-Black
Yoga,The Yoga Wheel,Geo,54.00,https://fab.com/products/the-yoga-wheel,Wheel-Geo
Yoga,The Yoga Wheel,Aadrika,54.00,https://fab.com/products/the-yoga-wheel,Wheel-Aadrika
healthy-snack,Vanilla Vegan Protein Powder,,39.99,https://fab.com/products/vegan-protein-powder-vanilla,WYLD107
healthy-snack,Chocolate Vegan Protein Powder,,39.99,https://fab.com/products/vegan-protein-powder-chocolate,WYLD101
Mood Lighting,Corner Bright Light,,199.00,https://fab.com/products/corner-bright-light-484199,17760-0074
Headphones,Avanti On Ear Headphones,,206.95,https://fab.com/products/avanti-on-ear-headphones-524302,19312-0007
Phone Accessories,Prime Glass Privacy Screen Cover,,36.95,https://fab.com/products/prime-glass-privacy-screen-cover-518512,18935-0022
Home Smart Gadgets,Nanoleaf Ivy Smart Lighting Kit,,106.95,https://fab.com/products/nanoleaf-ivy-smart-lighting-kit-513746,19194-0001
Home Smart Gadgets,Aurora Modular Lighting Kit,,206.95,https://fab.com/products/aurora-modular-lighting-kit-527859,19194-0004
Puzzles,Bauhaus Puzzle,,29.00,https://fab.com/products/bauhaus-puzzle-531176,18849-0058
Books,My Family Cookbook,,41.95,https://fab.com/products/my-family-cookbook-531167,10873-0272
Chess,Buddy Chess Set,,131.95,https://fab.com/products/buddy-chess-set-530669,10221-0546
Puzzles,Hard Edge Puzzle,,29.00,https://fab.com/products/hard-edge-puzzle-531177,18849-0059
kombucha,Kombucha Brewing Jar - 5L,,65.95,https://fab.com/products/kombucha-brewing-jar-5l-510799,12611-0021
Home Smart Gadgets,Nanoleaf Rhythm Lighting Panels,,236.95,https://fab.com/products/nanoleaf-rhythm-lighting-panels-531477,19194-0006
Headphones,Vibes Hi-Fidelity Earplugs,,23.99,https://fab.com/products/vibes-hi-fidelity-earplugs-529674,19425-0001
Phone Accessories,Elite HD iPhone Active Arm Band - 6 plus & 6s plus,,31.95,https://fab.com/products/elite-hd-iphone-active-arm-band-529664,18935-0037
Phone Accessories,Elite HD iPhone Active Arm Band - 6 & 6s,,31.95,https://fab.com/products/elite-hd-iphone-active-arm-band-529663,18935-0036
Home Smart Gadgets,Nanoleaf Lighting Expansion Pack,,66.95,https://fab.com/products/nanoleaf-lighting-expansion-pack-527860,19194-0005
Water Bottle,Chill Infusion Carafe,,51.95,https://fab.com/products/chill-infusion-carafe-518392,13598-0042
